Aldgate,1
Aldgate East,1
Angel,1
Baker Street,1
Bank,1
Barbican,1
Battersea Power Station,1
Bayswater,1
Blackfriars,1
Bond Street,1
Borough,1
Cannon Street,1
Chancery Lane,1
Charing Cross,1
City Thameslink,1
Covent Garden,1
Edgware Road (Bakerloo),1
Edgware Road (Circle/District/Hammersmith and City),1
Embankment,1
Euston,1
Euston Square,1
Farringdon,1
Fenchurch Street,1
Gloucester Road,1
Goodge Street,1
Great Portland Street,1
Green Park,1
High Street Kensington,1
Holborn,1
Hyde Park Corner,1
King's Cross,1
Kings Cross St. Pancras,1
Knightsbridge,1
Lambeth North,1
Lancaster Gate,1
Leicester Square,1
Liverpool Street,1
London Bridge,1
Mansion House,1
Marble Arch,1
Marylebone,1
Monument,1
Moorgate,1
Nine Elms,1
Old Street,1
Oxford Circus,1
Paddington,1
Piccadilly Circus,1
Pimlico,1
Queensway,1
Regents Park,1
Russell Square,1
Shoreditch High Street,1
Sloane Square,1
South Kensington,1
Southwark,1
St Pancras,1
St. James's Park,1
St. Pauls,1
Temple,1
Tottenham Court Road,1
Tower Gateway,1
Tower Hill,1
Victoria,1
Warren Street,1
Waterloo,1
Waterloo East,1
Westminster,1
Acton Central,2
All Saints,2
Arsenal,2
Barons Court,2
Battersea Park,2
Belsize Park,2
Bermondsey,2
Bethnal Green,2
Bethnal Green Rail,2
Blackwall,2
Bow Church,2
Bow Road,2
Brixton,2
Brockley,2
Brondesbury,2
Brondesbury Park,2
Caledonian Road,2
Caledonian Road and Barnsbury,2
Cambridge Heath,2
Camden Road,2
Camden Town,2
Canada Water,2
Canary Wharf,2
Canonbury,2
Chalk Farm,2
Clapham Common,2
Clapham High Street,2
Clapham Junction,2
Clapham North,2
Clapton,2
Crossharbour and London Arena,2
Cutty Sark for Maritime Greenwich,2
Dalston Junction,2
Dalston Kingsland,2
Denmark Hill,2
Deptford,2
Devons Road,2
Drayton Park,2
East Acton,2
East Dulwich,2
Essex Road,2
Finchley Road,2
Finchley Road and Frognal,2
Finsbury Park,2
Fulham Broadway,2
Goldhawk Road,2
Gospel Oak,2
Hackney Central,2
Hackney Downs,2
Hackney Wick,2
Haggerston,2
Hammersmith (District),2
Hammersmith (Met.),2
Hampstead,2
Heron Quays,2
Highbury and Islington,2
Holland Park,2
Holloway Road,2
Homerton,2
Imperial Wharf,2
Island Gardens,2
Kennington,2
Kensal Green,2
Kensal Rise,2
Kensington (Olympia),2
Kentish Town,2
Kentish Town West,2
Kilburn,2
Kilburn High Road,2
Kilburn Park,2
Ladbroke Grove,2
Langdon Park,2
Latimer Road,2
Limehouse,2
London Fields,2
Loughborough Junction,2
Maida Vale,2
Mile End,2
Mornington Crescent,2
Mudchute,2
New Cross,2
New Cross Gate,2
Nunhead,2
Oval,2
Parsons Green,2
Peckham Rye,2
Poplar,2
Putney Bridge,2
Queens Park,2
Queens Road Peckham,2
Queenstown Road,2
Ravenscourt Park,2
Rectory Road,2
Rotherhithe,2
Royal Oak,2
Shadwell,2
Shepherds Bush,2
Shepherds Bush Market,2
South Bermondsey,2
South Hampstead,2
South Quay,2
St Johns,2
St. Johns Wood,2
Stamford Brook,2
Stepney Green,2
Stockwell,2
Stoke Newington,2
Surrey Quays,2
Swiss Cottage,2
Tufnell Park,2
Turnham Green,2
Upper Holloway,2
Wandsworth Road,2
Wandsworth Town,2
Wapping,2
Warwick Avenue,2
West Brompton,2
West Hampstead,2
West Hampstead Thameslink,2
West India Quay,2
West Kensington,2
Westbourne Park,2
Westferry,2
White City,2
Whitechapel,2
Wood Lane,2
Abbey Road,3
Acton Main Line,3
Acton Town,3
Alexandra Palace,3
Balham,3
Barnes,3
Barnes Bridge,3
Beckton,3
Beckton Park,3
Bellingham,3
Blackheath,3
Blackhorse Road,3
Brent Cross,3
Bruce Grove,3
Canning Town,3
Catford,3
Catford Bridge,3
Charlton,3
Chiswick,3
Chiswick Park,3
Colliers Wood,3
Cricklewood,3
Crofton Park,3
Crouch Hill,3
Custom House,3
Cyprus,3
Dollis Hill,3
Ealing Broadway,3
Ealing Common,3
Earlsfield,3
East Finchley,3
Forest Gate,3
Forest Hill,3
Gallions Reach,3
Gipsy Hill,3
Golders Green,3
Gunnersbury,3
Hampstead Heath,3
Hanger Lane,3
Harlesden,3
Harringay,3
Harringay Green Lanes,3
Haydons Road,3
Highgate,3
Hither Green,3
Honor Oak Park,3
Hornsey,3
Kew Bridge,3
Kidbrooke,3
King George V,3
Ladywell,3
Lea Bridge,3
Lee,3
Leyton,3
Leyton Midland Road,3
Leytonstone High Road,3
London City Airport,3
Maryland,3
Maze Hill,3
Mitcham Eastfields,3
Mortlake,3
Neasden,3
Norbury,3
North Ealing,3
North Sheen,3
Northfields,3
Northumberland Park,3
Park Royal,3
Plaistow,3
Pontoon Dock,3
Prince Regent,3
Royal Albert,3
Royal Victoria,3
Seven Sisters,3
South Acton,3
South Ealing,3
South Tottenham,3
Southfields,3
St James Street,3
Stamford Hill,3
Star Lane,3
Stonebridge Park,3
Stratford,3
Stratford High Street,3
Stratford International,3
Streatham,3
Streatham Common,3
Streatham Hill,3
Sydenham,3
Sydenham Hill,3
Tooting,3
Tooting Bec,3
Tooting Broadway,3
Tottenham Hale,3
Tulse Hill,3
Turnpike Lane,3
Upton Park,3
Walthamstow Central,3
Walthamstow Queens Road,3
Wandsworth Common,3
Wanstead Park,3
West Acton,3
West Dulwich,3
West Ealing,3
West Ham,3
West Norwood,3
West Silvertown,3
Westcombe Park,3
White Hart Lane,3
Willesden Junction,3
Wimbledon,3
Wimbledon Chase,3
Wimbledon Park,3
Wood Green,3
Woolwich Dockyard,3